{"v":"5.0.1","fr":60,"ip":0,"op":72,"w":200,"h":200,"ddd":0,"assets":[],"layers":[{"ind":1,"nm":"Layer 1","ks":{"p":{"a":0,"k":[80,97.904]},"a":{"a":0,"k":[25,20,0]},"s":{"a":0,"k":[400,400,100]},"r":{"a":0,"k":0},"o":{"a":0,"k":100}},"ao":0,"ip":0,"op":72,"st":0,"bm":0,"sr":1,"ty":4,"shapes":[{"ty":"gr","it":[{"ty":"sh","d":1,"ks":{"a":0,"k":{"i":[[0,0],[10.52,0],[0,10.783],[-10.52,0],[0,-10.783]],"o":[[0,10.783],[-10.52,0],[0,-10.783],[10.52,0],[0,0]],"v":[[19.048,0],[0,19.524],[-19.048,0],[0,-19.524],[19.048,0]],"c":true},"hd":false}},{"ty":"st","c":{"a":0,"k":[0.392,0.392,0.392,1]},"o":{"a":0,"k":100},"w":{"a":0,"k":2},"lc":2,"lj":1,"ml":4,"d":[{"n":"d","nm":"dash","v":{"a":0,"k":120.58}},{"n":"g","nm":"gap","v":{"a":0,"k":120.58}},{"n":"o","nm":"offset","v":{"a":1,"k":[{"t":0,"s":[120.58],"i":{"x":[0.355],"y":[1]},"o":{"x":[0.645],"y":[0.045]},"e":[0]},{"t":42,"s":[0]}]}}]},{"ty":"tr","p":{"a":0,"k":[30.476,20.524]},"a":{"a":0,"k":[0.476,0]},"s":{"a":0,"k":[100,100]},"r":{"a":0,"k":0},"o":{"a":0,"k":100},"sk":{"a":0,"k":0},"sa":{"a":0,"k":0}}],"nm":"Object","hd":false},{"ty":"gr","it":[{"ty":"sh","d":1,"ks":{"a":0,"k":{"i":[[0,0],[1.655,1.277],[5.72,0],[2.708,-4.3],[-2.313,-1.631],[-3.588,0]],"o":[[10.896,0],[-2.719,-2.661],[-2.871,0],[-0.919,1.46],[2.893,1.631],[0,0]],"v":[[30.144,39.228],[43.345,31.223],[30.122,26.331],[16.292,31.3],[20.313,36.631],[30.144,39.228]],"c":true},"hd":false}},{"ty":"fl","c":{"a":0,"k":[1,1,1,1]},"hd":false,"o":{"a":0,"k":100},"r":1},{"ty":"tr","p":{"a":0,"k":[25,20]},"a":{"a":0,"k":[25,20]},"s":{"a":0,"k":[100,100]},"r":{"a":0,"k":0},"o":{"a":1,"k":[{"t":30,"s":[0],"i":{"x":[0.175],"y":[1]},"o":{"x":[0.77],"y":[0]},"e":[100]},{"t":72,"s":[100]}]},"sk":{"a":0,"k":0},"sa":{"a":0,"k":0}}],"nm":"Object","hd":false},{"ty":"gr","it":[{"ty":"sh","d":1,"ks":{"a":0,"k":{"i":[[0,0],[0,4.27],[3.871,0],[-0.022,-4.013],[-3.915,0]],"o":[[3.936,0],[0,-4.013],[-3.85,0],[0.021,4.27],[0,0]],"v":[[30.122,22.833],[37.038,15.236],[30.122,7.79],[23.206,15.236],[30.122,22.833]],"c":true},"hd":false}},{"ty":"fl","c":{"a":0,"k":[1,1,1,1]},"hd":false,"o":{"a":0,"k":100},"r":1},{"ty":"tr","p":{"a":0,"k":[25,20]},"a":{"a":0,"k":[25,20]},"s":{"a":0,"k":[100,100]},"r":{"a":0,"k":0},"o":{"a":1,"k":[{"t":30,"s":[0],"i":{"x":[0.175],"y":[1]},"o":{"x":[0.77],"y":[0]},"e":[100]},{"t":72,"s":[100]}]},"sk":{"a":0,"k":0},"sa":{"a":0,"k":0}}],"nm":"Object","hd":false},{"ty":"gr","it":[{"ty":"sh","d":1,"ks":{"a":0,"k":{"i":[[0,0],[10.52,0],[0,10.783],[-10.52,0],[0,-10.783]],"o":[[0,10.783],[-10.52,0],[0,-10.783],[10.52,0],[0,0]],"v":[[19.048,0],[0,19.524],[-19.048,0],[0,-19.524],[19.048,0]],"c":true},"hd":false}},{"ty":"fl","c":{"a":0,"k":[0.392,0.392,0.392,1]},"hd":false,"o":{"a":0,"k":100},"r":1},{"ty":"tr","p":{"a":0,"k":[30.476,20.524]},"a":{"a":0,"k":[0.476,0]},"s":{"a":0,"k":[100,100]},"r":{"a":0,"k":0},"o":{"a":1,"k":[{"t":30,"s":[0],"i":{"x":[0.833],"y":[0.833]},"o":{"x":[0.167],"y":[0.167]},"e":[100]},{"t":60,"s":[100]}]},"sk":{"a":0,"k":0},"sa":{"a":0,"k":0}}],"nm":"Object","hd":false}]}],"markers":[]}